CalendarYear,Response_Area,Valid_Emergency_Incs,Emergency_Incs_Within_8mins,%Arrivals _Within_8mins,First_in_Unit_AFD,First_in_Unit _ESD,90th_ResponseTime
2023,00-0010,6,4,0.667,0,6,00:15:12.000
2024,00-0010,2,0,0,0,2,00:09:52.200
2022,00-0010,1,0,0,0,1,00:08:06.847
2022,00-0020,1,0,0,0,1,00:10:34.257
2024,00-0020,1,0,0,1,0,00:08:05.507
2023,00-0040,16,13,0.813,16,0,00:08:45.588
2022,00-0040,20,15,0.75,19,1,00:09:23.100
2024,00-0040,19,14,0.737,19,0,00:09:16.174
2024,00-0060,21,19,0.905,14,7,00:07:59.220
2023,00-0060,15,12,0.8,9,6,00:08:23.458
2022,00-0060,12,7,0.583,6,6,00:14:08.162
2024,00-0070,9,9,1,9,0,00:07:07.486
2022,00-0070,8,8,1,8,0,00:07:31.569
2023,00-0070,15,11,0.733,15,0,00:33:19.000
2023,00-0080,1,1,1,1,0,00:04:29.563
2023,00-0090,5,5,1,5,0,00:07:27.600
2022,00-0090,6,5,0.833,6,0,00:08:27.515
2024,00-0090,6,4,0.667,6,0,00:08:23.685
2022,00-0101,1727,1540,0.892,1726,1,00:08:04.567
2023,00-0101,1566,1290,0.824,1566,0,00:09:02.715
2024,00-0101,1629,1315,0.807,1629,0,00:09:06.867
2022,00-0102,1536,1368,0.891,1536,0,00:08:05.920
2024,00-0102,1952,1650,0.845,1952,0,00:08:48.703
2023,00-0102,1806,1506,0.834,1803,3,00:08:49.807
2022,00-0103,9,9,1,9,0,00:07:14.816
2023,00-0103,9,9,1,9,0,00:06:35.305
2024,00-0103,4,4,1,4,0,00:06:14.698
2022,00-0201,440,387,0.88,440,0,00:08:29.960
2023,00-0201,480,415,0.865,480,0,00:08:33.136
2024,00-0201,557,462,0.829,557,0,00:09:18.801
2022,00-0202,394,348,0.883,394,0,00:08:31.324
2024,00-0202,417,354,0.849,417,0,00:09:03.024
2023,00-0202,414,348,0.841,414,0,00:08:55.902
2022,00-0203,178,138,0.775,178,0,00:09:06.683
2024,00-0203,146,104,0.712,146,0,00:10:52.915
2023,00-0203,154,107,0.695,154,0,00:10:01.087
2022,00-0301,421,378,0.898,421,0,00:07:58.586
2023,00-0301,430,386,0.898,430,0,00:08:04.367
2024,00-0301,484,427,0.882,484,0,00:08:08.725
2023,00-0302,157,132,0.841,157,0,00:08:45.178
2022,00-0302,163,137,0.84,163,0,00:09:16.601
2024,00-0302,158,130,0.823,158,0,00:08:55.062
2022,00-0303,311,273,0.878,311,0,00:08:08.264
2024,00-0303,297,255,0.859,297,0,00:09:01.954
2023,00-0303,296,246,0.831,296,0,00:09:21.329
2022,00-0401,481,391,0.813,480,1,00:08:50.740
2024,00-0401,384,306,0.797,383,1,00:09:48.440
2023,00-0401,452,357,0.79,452,0,00:09:48.335
2022,00-0402,60,53,0.883,60,0,00:08:08.466
2024,00-0402,56,49,0.875,56,0,00:09:14.777
2023,00-0402,69,60,0.87,69,0,00:08:11.913
2022,00-0501,805,681,0.846,805,0,00:08:44.090
2024,00-0501,594,492,0.828,594,0,00:09:19.200
2023,00-0501,674,542,0.804,674,0,00:09:15.990
2022,00-0502,390,318,0.815,390,0,00:09:28.451
2024,00-0502,389,305,0.784,389,0,00:09:02.972
2023,00-0502,360,279,0.775,360,0,00:09:30.933
2022,00-0503,70,60,0.857,70,0,00:09:42.133
2023,00-0503,73,57,0.781,73,0,00:08:47.731
2024,00-0503,78,57,0.731,78,0,00:10:32.390
2023,00-0504,240,156,0.65,240,0,00:10:33.267
2022,00-0504,234,152,0.65,234,0,00:10:09.173
2024,00-0504,278,169,0.608,278,0,00:10:57.889
2022,00-0505,171,105,0.614,171,0,00:10:32.180
2023,00-0505,164,98,0.598,163,1,00:10:06.400
2024,00-0505,171,96,0.561,171,0,00:10:29.025
2022,00-0601,393,336,0.855,393,0,00:08:26.782
2023,00-0601,415,337,0.812,415,0,00:09:04.350
2024,00-0601,331,267,0.807,331,0,00:09:29.500
2022,00-0602,164,134,0.817,164,0,00:09:27.556
2023,00-0602,184,140,0.761,183,1,00:09:50.752
2024,00-0602,200,141,0.705,200,0,00:10:03.562
2023,00-0603,513,454,0.885,513,0,00:08:11.911
2022,00-0603,492,427,0.868,492,0,00:08:20.484
2024,00-0603,416,336,0.808,416,0,00:08:59.710
2023,00-0604,363,322,0.887,363,0,00:08:07.988
2022,00-0604,334,290,0.868,334,0,00:08:24.639
2024,00-0604,374,320,0.856,374,0,00:08:35.986
2022,00-0701,773,671,0.868,773,0,00:08:38.720
2023,00-0701,857,675,0.788,857,0,00:09:53.262
2024,00-0701,800,629,0.786,800,0,00:09:35.710
2022,00-0702,492,420,0.854,492,0,00:08:37.969
2023,00-0702,499,419,0.84,499,0,00:08:43.011
2024,00-0702,531,435,0.819,531,0,00:09:21.856
2022,00-0801,584,487,0.834,584,0,00:09:15.333
2023,00-0801,461,366,0.794,460,1,00:09:22.416
2024,00-0801,484,345,0.713,484,0,00:10:16.790
2022,00-0802,341,258,0.757,341,0,00:10:19.000
2024,00-0802,294,199,0.677,294,0,00:10:16.176
2023,00-0802,281,181,0.644,281,0,00:10:21.028
2022,00-0803,548,410,0.748,548,0,00:09:34.858
2023,00-0803,489,345,0.706,489,0,00:09:48.739
2024,00-0803,442,303,0.686,442,0,00:10:32.945
2022,00-0804,410,363,0.885,410,0,00:08:20.276
2023,00-0804,358,292,0.816,358,0,00:09:13.855
2024,00-0804,370,293,0.792,370,0,00:09:44.000
2022,00-0805,330,273,0.827,330,0,00:09:10.418
2024,00-0805,299,246,0.823,299,0,00:09:04.803
2023,00-0805,294,240,0.816,294,0,00:08:48.460
2022,00-0806,219,185,0.845,219,0,00:09:22.541
2023,00-0806,190,158,0.832,190,0,00:09:09.616
2024,00-0806,195,160,0.821,195,0,00:08:49.209
2022,00-0807,435,301,0.692,435,0,00:10:02.120
2023,00-0807,391,252,0.645,391,0,00:10:26.473
2024,00-0807,366,221,0.604,366,0,00:10:44.300
2022,00-0901,205,187,0.912,205,0,00:07:45.115
2023,00-0901,199,176,0.884,199,0,00:09:02.409
2024,00-0901,199,176,0.884,199,0,00:08:30.766
2022,00-0902,99,92,0.929,99,0,00:07:28.769
2023,00-0902,90,82,0.911,90,0,00:08:40.966
2024,00-0902,117,102,0.872,117,0,00:09:11.514
2023,00-0903,172,150,0.872,172,0,00:08:07.135
2024,00-0903,205,169,0.824,205,0,00:08:40.617
2022,00-0903,159,127,0.799,159,0,00:09:07.850
2023,00-1001,73,65,0.89,73,0,00:08:08.181
2024,00-1001,89,73,0.82,86,3,00:09:18.619
2022,00-1001,86,69,0.802,82,4,00:08:59.004
2023,00-1002,228,178,0.781,228,0,00:09:21.250
2024,00-1002,214,161,0.752,214,0,00:09:16.761
2022,00-1002,169,127,0.751,169,0,00:09:56.203
2022,00-1003,119,95,0.798,102,17,00:09:02.675
2023,00-1003,129,95,0.736,115,14,00:10:04.262
2024,00-1003,153,108,0.706,145,8,00:09:44.868
2023,00-1004,6,6,1,1,5,00:05:50.079
2024,00-1004,5,5,1,1,4,00:06:15.649
2022,00-1004,2,2,1,1,1,00:07:07.940
2024,00-1005,7,3,0.429,0,7,00:16:14.000
2022,00-1005,9,1,0.111,2,7,00:20:43.800
2023,00-1005,1,0,0,0,1,00:09:40.000
2024,00-1101,520,449,0.863,520,0,00:08:38.106
2022,00-1101,562,485,0.863,562,0,00:08:36.823
2023,00-1101,547,454,0.83,547,0,00:09:08.604
2024,00-1102,208,171,0.822,208,0,00:09:13.767
2022,00-1102,196,156,0.796,195,1,00:08:46.205
2023,00-1102,250,197,0.788,250,0,00:09:38.750
2022,00-1103,50,36,0.72,50,0,00:09:32.639
2023,00-1103,48,33,0.688,48,0,00:09:31.451
2024,00-1103,50,31,0.62,49,1,00:10:51.141
2023,00-1104,180,129,0.717,179,1,00:09:54.767
2022,00-1104,173,123,0.711,173,0,00:09:36.741
2024,00-1104,201,138,0.687,201,0,00:10:31.129
2024,00-1201,82,75,0.915,82,0,00:07:05.535
2023,00-1201,100,86,0.86,100,0,00:08:41.217
2022,00-1201,73,62,0.849,73,0,00:08:26.118
2022,00-1202,167,153,0.916,167,0,00:07:50.000
2024,00-1202,188,163,0.867,188,0,00:09:13.000
2023,00-1202,223,189,0.848,223,0,00:09:21.859
2022,00-1203,57,56,0.982,57,0,00:06:56.142
2023,00-1203,49,43,0.878,49,0,00:08:11.341
2024,00-1203,65,57,0.877,65,0,00:08:02.360
2022,00-1204,131,119,0.908,131,0,00:07:46.908
2023,00-1204,141,117,0.83,141,0,00:09:29.956
2024,00-1204,134,111,0.828,134,0,00:09:02.244
2022,00-1205,153,134,0.876,153,0,00:08:15.500
2024,00-1205,177,151,0.853,177,0,00:08:31.702
2023,00-1205,167,132,0.79,167,0,00:09:20.723
2022,00-1206,242,193,0.798,242,0,00:09:10.404
2023,00-1206,273,196,0.718,273,0,00:09:36.630
2024,00-1206,273,195,0.714,273,0,00:10:24.618
2022,00-1401,459,367,0.8,459,0,00:11:13.908
2023,00-1401,493,384,0.779,493,0,00:10:13.265
2024,00-1401,491,373,0.76,491,0,00:10:17.500
2022,00-1402,70,64,0.914,70,0,00:07:50.000
2023,00-1402,90,80,0.889,90,0,00:08:11.421
2024,00-1402,74,64,0.865,74,0,00:08:17.322
2022,00-1403,476,380,0.798,476,0,00:09:17.785
2023,00-1403,543,408,0.751,543,0,00:09:32.358
2024,00-1403,448,325,0.725,448,0,00:10:14.129
2023,00-1404,207,177,0.855,207,0,00:09:34.623
2022,00-1404,167,135,0.808,167,0,00:08:56.518
2024,00-1404,192,154,0.802,192,0,00:09:11.547
2022,00-1405,165,138,0.836,165,0,00:09:50.013
2023,00-1405,131,106,0.809,131,0,00:09:20.099
2024,00-1405,115,84,0.73,115,0,00:12:37.000
2023,00-1406,173,146,0.844,173,0,00:08:56.773
2024,00-1406,204,172,0.843,204,0,00:08:37.041
2022,00-1406,173,142,0.821,173,0,00:08:57.832
2022,00-1407,259,182,0.703,259,0,00:10:03.202
2023,00-1407,248,172,0.694,248,0,00:09:49.575
2024,00-1407,247,166,0.672,247,0,00:09:39.952
2023,00-1501,230,179,0.778,230,0,00:09:43.707
2022,00-1501,293,221,0.754,293,0,00:10:00.482
2024,00-1501,321,206,0.642,320,1,00:11:20.872
2022,00-1502,116,80,0.69,116,0,00:10:49.584
2023,00-1502,129,83,0.643,129,0,00:12:09.800
2024,00-1502,116,66,0.569,116,0,00:10:11.800
2022,00-1503,215,182,0.847,215,0,00:09:07.204
2023,00-1503,209,172,0.823,209,0,00:09:13.951
2024,00-1503,210,166,0.79,210,0,00:09:34.470
2022,00-1504,598,487,0.814,598,0,00:08:51.458
2023,00-1504,555,429,0.773,555,0,00:09:19.628
2024,00-1504,587,438,0.746,587,0,00:09:29.425
2022,00-1505,51,37,0.725,50,1,00:10:26.690
2023,00-1505,47,22,0.468,46,1,00:11:33.877
2024,00-1505,39,18,0.462,39,0,00:12:42.000
2022,00-1601,339,280,0.826,339,0,00:09:12.414
2024,00-1601,388,320,0.825,388,0,00:08:38.272
2023,00-1601,360,296,0.822,360,0,00:08:53.600
2022,00-1602,329,237,0.72,329,0,00:09:54.520
2023,00-1602,317,226,0.713,317,0,00:09:25.493
2024,00-1602,330,224,0.679,330,0,00:10:23.977
2022,00-1603,340,261,0.768,340,0,00:09:50.715
2023,00-1603,292,213,0.729,292,0,00:09:33.661
2024,00-1603,287,200,0.697,287,0,00:10:16.234
2022,00-1604,116,100,0.862,116,0,00:08:36.420
2023,00-1604,126,105,0.833,126,0,00:09:01.000
2024,00-1604,139,109,0.784,139,0,00:09:26.767
2022,00-1605,109,96,0.881,109,0,00:08:24.370
2023,00-1605,101,88,0.871,101,0,00:08:17.311
2024,00-1605,129,111,0.86,129,0,00:08:44.873
2022,00-1606,191,148,0.775,191,0,00:09:15.186
2024,00-1606,193,149,0.772,193,0,00:08:49.862
2023,00-1606,216,166,0.769,216,0,00:09:12.000
2023,00-1701,328,290,0.884,328,0,00:08:17.416
2022,00-1701,344,302,0.878,344,0,00:08:31.642
2024,00-1701,417,358,0.859,415,2,00:08:47.200
2022,00-1702,229,201,0.878,229,0,00:08:14.998
2023,00-1702,244,214,0.877,244,0,00:08:10.039
2024,00-1702,259,212,0.819,259,0,00:08:55.873
2023,00-1703,236,194,0.822,236,0,00:08:46.440
2022,00-1703,230,189,0.822,230,0,00:08:35.000
2024,00-1703,200,162,0.81,199,1,00:09:40.762
2023,00-1705,401,332,0.828,397,4,00:09:02.967
2022,00-1705,427,332,0.778,425,2,00:09:03.120
2024,00-1705,488,367,0.752,487,1,00:10:19.553
2022,00-1706,340,299,0.879,340,0,00:08:08.747
2023,00-1706,361,292,0.809,361,0,00:09:12.402
2024,00-1706,320,252,0.788,320,0,00:09:21.866
2024,00-1707,406,273,0.672,405,1,00:10:21.127
2022,00-1707,452,296,0.655,452,0,00:10:06.971
2023,00-1707,414,270,0.652,414,0,00:10:07.990
2023,00-1708,268,212,0.791,268,0,00:10:49.682
2022,00-1708,253,197,0.779,253,0,00:09:41.850
2024,00-1708,305,236,0.774,305,0,00:09:33.800
2024,00-1709,141,97,0.688,140,1,00:09:48.081
2022,00-1709,124,85,0.685,124,0,00:10:20.326
2023,00-1709,155,95,0.613,155,0,00:09:52.972
2023,00-1710,275,175,0.636,274,1,00:10:07.721
2022,00-1710,314,188,0.599,314,0,00:10:45.785
2024,00-1710,256,127,0.496,256,0,00:11:43.455
2022,00-1801,613,488,0.796,613,0,00:09:22.750
2023,00-1801,576,446,0.774,576,0,00:09:16.546
2024,00-1801,584,446,0.764,584,0,00:09:22.335
2024,00-1802,575,412,0.717,575,0,00:09:45.985
2022,00-1802,679,471,0.694,679,0,00:10:17.677
2023,00-1802,683,461,0.675,683,0,00:09:59.072
2022,00-1803,667,579,0.868,667,0,00:08:16.893
2024,00-1803,560,465,0.83,559,1,00:09:15.102
2023,00-1803,618,503,0.814,618,0,00:09:20.548
2023,00-1804,721,545,0.756,721,0,00:10:04.933
2022,00-1804,906,677,0.747,906,0,00:10:24.093
2024,00-1804,672,494,0.735,672,0,00:09:56.621
2023,00-1805,393,323,0.822,393,0,00:09:18.000
2024,00-1805,370,285,0.77,370,0,00:09:25.263
2022,00-1805,389,275,0.707,389,0,00:11:01.074
2023,00-1901,76,70,0.921,76,0,00:07:54.660
2024,00-1901,59,54,0.915,59,0,00:07:42.047
2022,00-1901,59,51,0.864,59,0,00:08:10.741
2022,00-1902,57,33,0.579,57,0,00:09:33.584
2024,00-1902,46,26,0.565,46,0,00:11:15.240
2023,00-1902,61,32,0.525,61,0,00:10:47.303
2022,00-1903,248,213,0.859,247,1,00:08:22.760
2023,00-1903,279,224,0.803,279,0,00:09:20.000
2024,00-1903,333,249,0.748,333,0,00:09:09.031
2022,00-1904,37,35,0.946,37,0,00:07:26.020
2024,00-1904,64,52,0.813,64,0,00:09:40.910
2023,00-1904,42,34,0.81,42,0,00:09:31.502
2024,00-1905,94,76,0.809,94,0,00:09:20.007
2022,00-1905,102,73,0.716,102,0,00:09:16.816
2023,00-1905,92,64,0.696,92,0,00:11:29.500
2024,00-1906,7,2,0.286,7,0,00:14:06.400
2022,00-1906,4,1,0.25,4,0,00:12:59.600
2023,00-1906,3,0,0,3,0,00:11:26.935
2022,00-2001,235,210,0.894,235,0,00:08:16.603
2024,00-2001,213,177,0.831,213,0,00:09:13.710
2023,00-2001,220,179,0.814,220,0,00:08:54.733
2023,00-2002,437,353,0.808,437,0,00:09:15.636
2022,00-2002,413,327,0.792,411,2,00:09:18.554
2024,00-2002,411,323,0.786,411,0,00:09:06.854
2022,00-2003,46,41,0.891,46,0,00:07:51.509
2024,00-2003,34,27,0.794,34,0,00:08:29.211
2023,00-2003,31,20,0.645,31,0,00:08:58.902
2022,00-2004,319,250,0.784,319,0,00:09:12.287
2023,00-2004,303,232,0.766,303,0,00:09:28.406
2024,00-2004,279,205,0.735,278,1,00:09:25.532
2023,00-2005,513,388,0.756,513,0,00:09:36.027
2022,00-2005,611,444,0.727,611,0,00:09:58.326
2024,00-2005,529,366,0.692,528,1,00:10:11.644
2022,00-2006,197,152,0.772,194,3,00:09:15.600
2023,00-2006,227,166,0.731,224,3,00:10:05.404
2024,00-2006,185,129,0.697,184,1,00:09:36.800
2022,00-2101,259,206,0.795,259,0,00:09:40.000
2023,00-2101,210,167,0.795,210,0,00:10:01.136
2024,00-2101,238,182,0.765,238,0,00:09:20.298
2023,00-2102,178,146,0.82,178,0,00:09:23.150
2022,00-2102,191,153,0.801,191,0,00:09:20.213
2024,00-2102,191,148,0.775,191,0,00:09:44.581
2022,00-2103,173,138,0.798,173,0,00:08:56.533
2024,00-2103,155,115,0.742,155,0,00:09:31.083
2023,00-2103,139,102,0.734,139,0,00:09:20.225
2022,00-2104,250,210,0.84,250,0,00:08:43.250
2024,00-2104,285,216,0.758,285,0,00:10:00.637
2023,00-2104,251,189,0.753,251,0,00:09:23.000
2022,00-2201,276,210,0.761,276,0,00:10:01.090
2024,00-2201,308,166,0.539,308,0,00:12:12.905
2023,00-2201,275,139,0.505,275,0,00:12:20.600
2022,00-2202,1130,816,0.722,1130,0,00:09:49.790
2023,00-2202,1096,608,0.555,1096,0,00:11:13.508
2024,00-2202,1050,563,0.536,1050,0,00:11:30.085
2022,00-2203,276,182,0.659,276,0,00:12:28.036
2024,00-2203,212,113,0.533,212,0,00:11:33.931
2023,00-2203,208,70,0.337,208,0,00:14:05.535
2022,00-2204,662,541,0.817,661,1,00:09:21.447
2024,00-2204,554,330,0.596,554,0,00:10:37.590
2023,00-2204,503,278,0.553,503,0,00:10:38.868
2022,00-2205,580,427,0.736,580,0,00:09:34.566
2023,00-2205,549,296,0.539,549,0,00:11:10.613
2024,00-2205,747,341,0.456,747,0,00:12:19.540
2022,00-2206,408,278,0.681,408,0,00:10:21.800
2024,00-2206,481,282,0.586,481,0,00:10:49.540
2023,00-2206,344,170,0.494,342,2,00:11:49.960
2022,00-2301,904,689,0.762,904,0,00:09:41.943
2023,00-2301,862,600,0.696,862,0,00:09:44.958
2024,00-2301,888,524,0.59,888,0,00:11:03.157
2022,00-2302,101,86,0.851,101,0,00:08:30.110
2023,00-2302,108,90,0.833,108,0,00:08:48.265
2024,00-2302,85,68,0.8,85,0,00:08:54.606
2024,00-2303,416,306,0.736,416,0,00:09:58.030
2023,00-2303,436,313,0.718,436,0,00:10:43.605
2022,00-2303,369,261,0.707,369,0,00:10:02.820
2022,00-2304,677,465,0.687,677,0,00:10:31.560
2023,00-2304,687,455,0.662,687,0,00:10:17.633
2024,00-2304,693,450,0.649,693,0,00:10:42.394
2022,00-2305,579,353,0.61,579,0,00:11:10.100
2023,00-2305,576,274,0.476,576,0,00:12:18.737
2024,00-2305,489,219,0.448,489,0,00:11:57.090
2022,00-2306,571,428,0.75,571,0,00:09:37.312
2023,00-2306,526,337,0.641,526,0,00:11:30.289
2024,00-2306,525,334,0.636,525,0,00:10:58.500
2024,00-2401,401,325,0.81,387,14,00:09:39.928
2023,00-2401,381,300,0.787,381,0,00:09:53.989
2022,00-2401,376,278,0.739,376,0,00:09:45.570
2022,00-2402,808,512,0.634,807,1,00:10:39.200
2023,00-2402,738,457,0.619,735,3,00:10:39.400
2024,00-2402,657,390,0.594,651,6,00:11:04.261
2024,00-2403,835,522,0.625,806,29,00:10:47.283
2022,00-2403,779,484,0.621,777,2,00:10:51.901
2023,00-2403,708,416,0.588,704,4,00:11:05.567
2024,00-2404,222,143,0.644,99,123,00:10:10.655
2022,00-2404,341,137,0.402,303,38,00:11:32.366
2023,00-2404,204,76,0.373,166,38,00:11:01.323
2022,00-2405,40,20,0.5,39,1,00:11:18.343
2023,00-2405,38,10,0.263,34,4,00:11:42.245
2022,00-2406,57,7,0.123,49,8,00:12:32.751
2023,00-2406,216,23,0.106,201,15,00:12:12.557
2022,00-2501,660,369,0.559,659,1,00:11:29.300
2024,00-2501,535,298,0.557,534,1,00:11:12.369
2023,00-2501,619,343,0.554,619,0,00:11:20.429
2022,00-2502,350,177,0.506,350,0,00:10:41.399
2024,00-2502,339,148,0.437,339,0,00:12:24.764
2023,00-2502,275,102,0.371,275,0,00:11:47.290
2022,00-2503,130,85,0.654,130,0,00:09:35.772
2024,00-2503,116,63,0.543,116,0,00:11:35.270
2023,00-2503,103,51,0.495,103,0,00:11:05.470
2022,00-2504,187,85,0.455,186,1,00:11:33.234
2024,00-2504,160,47,0.294,160,0,00:12:08.587
2023,00-2504,140,39,0.279,140,0,00:11:33.575
2022,00-2601,363,282,0.777,361,2,00:10:21.184
2024,00-2601,292,206,0.705,290,2,00:11:45.903
2023,00-2601,277,179,0.646,275,2,00:11:50.590
2022,00-2602,1,0,0,1,0,00:08:01.433
2023,00-2604,49,32,0.653,49,0,00:10:50.418
2024,00-2604,53,33,0.623,53,0,00:12:04.001
2022,00-2604,68,39,0.574,68,0,00:10:04.789
2022,00-2605,74,54,0.73,74,0,00:09:12.441
2024,00-2605,98,67,0.684,98,0,00:10:18.200
2023,00-2605,78,51,0.654,78,0,00:09:49.314
2023,00-2606,257,172,0.669,257,0,00:11:00.993
2022,00-2606,328,213,0.649,328,0,00:11:30.380
2024,00-2606,237,152,0.641,237,0,00:11:01.788
2022,00-2607,154,97,0.63,154,0,00:09:51.900
2024,00-2607,161,92,0.571,161,0,00:11:43.170
2023,00-2607,168,88,0.524,168,0,00:11:01.063
2022,00-2608,285,163,0.572,285,0,00:10:08.491
2024,00-2608,279,150,0.538,279,0,00:11:42.651
2023,00-2608,289,155,0.536,289,0,00:11:00.228
2022,00-2609,1,0,0,1,0,00:08:15.000
2023,00-2610,22,18,0.818,22,0,00:08:48.053
2022,00-2610,25,20,0.8,25,0,00:08:50.749
2024,00-2610,16,12,0.75,16,0,00:08:47.184
2022,00-2701,105,90,0.857,105,0,00:08:59.733
2023,00-2701,104,80,0.769,104,0,00:09:28.315
2024,00-2701,131,98,0.748,131,0,00:10:33.300
2022,00-2702,191,161,0.843,190,1,00:08:58.003
2024,00-2702,228,188,0.825,228,0,00:08:40.192
2023,00-2702,188,137,0.729,187,1,00:09:51.094
2023,00-2704,163,110,0.675,163,0,00:09:55.585
2022,00-2704,140,92,0.657,140,0,00:10:15.240
2024,00-2704,165,101,0.612,164,1,00:10:18.200
2022,00-2705,165,123,0.745,165,0,00:09:04.315
2024,00-2705,256,172,0.672,256,0,00:10:21.471
2023,00-2705,222,134,0.604,220,2,00:11:08.632
2022,00-2706,263,171,0.65,199,64,00:10:58.599
2023,00-2706,180,94,0.522,151,29,00:10:34.004
2024,00-2706,204,96,0.471,167,37,00:10:58.688
2022,00-2801,685,459,0.67,681,4,00:10:20.780
2023,00-2801,606,405,0.668,603,3,00:10:30.451
2024,00-2801,624,401,0.643,620,4,00:10:45.418
2024,00-2803,536,412,0.769,536,0,00:09:45.319
2022,00-2803,686,527,0.768,685,1,00:10:24.710
2023,00-2803,593,453,0.764,593,0,00:10:15.846
2022,00-2804,93,71,0.763,93,0,00:09:16.862
2023,00-2804,82,59,0.72,82,0,00:08:54.791
2024,00-2804,81,57,0.704,81,0,00:09:51.112
2023,00-2805,503,304,0.604,503,0,00:10:22.806
2022,00-2805,535,318,0.594,535,0,00:11:07.561
2024,00-2805,397,215,0.542,397,0,00:11:11.246
2024,00-2806,467,348,0.745,466,1,00:10:24.776
2022,00-2806,585,431,0.737,585,0,00:10:27.823
2023,00-2806,493,345,0.7,491,2,00:10:28.500
2022,00-2807,180,109,0.606,180,0,00:10:52.567
2024,00-2807,157,94,0.599,157,0,00:10:13.753
2023,00-2807,178,91,0.511,178,0,00:11:28.718
2024,00-2808,42,28,0.667,40,2,00:10:47.429
2022,00-2808,59,36,0.61,57,2,00:13:00.800
2023,00-2808,43,20,0.465,41,2,00:11:47.400
2022,00-2901,351,294,0.838,350,1,00:08:53.355
2024,00-2901,285,222,0.779,285,0,00:09:54.240
2023,00-2901,280,217,0.775,279,1,00:09:42.040
2022,00-2902,135,110,0.815,135,0,00:09:27.704
2023,00-2902,97,77,0.794,97,0,00:09:03.297
2024,00-2902,114,85,0.746,113,1,00:10:05.036
2022,00-2903,602,394,0.654,585,17,00:10:10.667
2024,00-2903,552,358,0.649,539,13,00:09:45.464
2023,00-2903,542,331,0.611,529,13,00:10:21.359
2023,00-2904,130,63,0.485,120,10,00:10:30.407
2024,00-2904,92,44,0.478,84,8,00:11:05.258
2022,00-2904,91,38,0.418,86,5,00:11:19.482
2023,00-2906,64,51,0.797,64,0,00:09:46.570
2024,00-2906,58,44,0.759,58,0,00:10:59.350
2022,00-2906,74,49,0.662,74,0,00:09:19.003
2023,00-3001,769,567,0.737,769,0,00:10:10.347
2024,00-3001,794,584,0.736,794,0,00:10:43.900
2022,00-3001,687,500,0.728,687,0,00:10:08.771
2022,00-3002,490,387,0.79,489,1,00:09:15.365
2024,00-3002,495,371,0.749,495,0,00:09:46.590
2023,00-3002,511,377,0.738,511,0,00:09:43.343
2023,00-3003,294,219,0.745,294,0,00:09:37.412
2022,00-3003,302,215,0.712,302,0,00:10:00.075
2024,00-3003,284,196,0.69,284,0,00:10:04.214
2022,00-3004,235,148,0.63,235,0,00:12:17.195
2023,00-3004,253,156,0.617,253,0,00:12:24.100
2024,00-3004,279,169,0.606,279,0,00:11:37.000
2022,00-3005,388,295,0.76,388,0,00:09:36.628
2024,00-3005,393,287,0.73,393,0,00:10:14.968
2023,00-3005,399,286,0.717,399,0,00:10:02.846
2024,00-3101,126,102,0.81,125,1,00:08:56.822
2023,00-3101,96,75,0.781,96,0,00:10:17.674
2022,00-3101,69,48,0.696,69,0,00:10:11.567
2022,00-3102,157,103,0.656,156,1,00:09:51.587
2024,00-3102,140,91,0.65,139,1,00:09:36.205
2023,00-3102,151,88,0.583,151,0,00:10:57.241
2023,00-3103,34,29,0.853,34,0,00:08:42.698
2022,00-3103,47,37,0.787,47,0,00:08:57.722
2024,00-3103,29,21,0.724,29,0,00:09:54.178
2022,00-3104,38,27,0.711,38,0,00:10:11.929
2024,00-3104,28,18,0.643,28,0,00:11:44.553
2023,00-3104,33,21,0.636,33,0,00:09:52.731
2023,00-3105,12,8,0.667,11,1,00:08:58.135
2022,00-3105,67,43,0.642,60,7,00:11:06.509
2022,00-3106,36,14,0.389,24,12,00:11:11.023
2023,00-3106,9,3,0.333,3,6,00:13:53.138
2024,00-3108,8,8,1,8,0,00:04:51.130
2023,00-3108,6,6,1,6,0,00:03:26.315
2022,00-3108,5,5,1,5,0,00:04:45.765
2022,00-3110,4,1,0.25,3,1,00:11:21.290
2024,00-3201,255,190,0.745,241,14,00:12:17.797
2022,00-3201,227,159,0.7,219,8,00:10:51.000
2023,00-3201,283,89,0.314,254,29,00:12:39.316
2022,00-3202,44,34,0.773,36,8,00:09:44.132
2023,00-3202,56,39,0.696,46,10,00:10:10.000
2024,00-3202,58,40,0.69,39,19,00:10:48.138
2024,00-3203,71,53,0.746,68,3,00:09:37.304
2022,00-3203,61,36,0.59,59,2,00:10:12.343
2023,00-3203,70,38,0.543,65,5,00:10:54.368
2024,00-3205,62,41,0.661,39,23,00:11:10.600
2023,00-3205,77,43,0.558,29,48,00:12:12.400
2022,00-3205,87,47,0.54,31,56,00:11:56.153
2023,00-3206,32,28,0.875,2,30,00:08:57.899
2022,00-3206,37,29,0.784,6,31,00:10:18.340
2024,00-3206,25,17,0.68,4,21,00:10:55.703
2024,00-3207,24,19,0.792,12,12,00:08:42.679
2023,00-3207,22,17,0.773,4,18,00:09:48.874
2022,00-3207,26,20,0.769,11,15,00:12:25.170
2023,00-3208,22,21,0.955,1,21,00:07:32.153
2022,00-3208,36,33,0.917,2,34,00:07:32.623
2024,00-3208,31,27,0.871,2,29,00:09:32.642
2023,00-3209,53,33,0.623,6,47,00:10:18.383
2022,00-3209,64,38,0.594,6,58,00:11:01.915
2024,00-3209,38,21,0.553,3,35,00:12:16.057
2022,00-3301,102,49,0.48,102,0,00:11:10.542
2023,00-3301,97,45,0.464,97,0,00:10:36.084
2024,00-3301,97,38,0.392,97,0,00:10:43.441
2022,00-3303,225,114,0.507,225,0,00:11:18.945
2023,00-3303,224,101,0.451,224,0,00:11:47.563
2024,00-3303,193,81,0.42,193,0,00:12:34.766
2022,00-3304,49,27,0.551,49,0,00:10:07.000
2024,00-3304,55,26,0.473,55,0,00:10:32.204
2023,00-3304,39,18,0.462,39,0,00:10:40.050
2024,00-3306,2,0,0,2,0,00:10:46.234
2023,00-3400,33,29,0.879,33,0,00:08:59.703
2022,00-3400,29,24,0.828,29,0,00:08:40.371
2024,00-3400,31,25,0.806,31,0,00:08:42.868
2024,00-3401,317,269,0.849,315,2,00:08:45.867
2023,00-3401,315,258,0.819,315,0,00:09:16.387
2022,00-3401,270,220,0.815,269,1,00:08:57.825
2023,00-3402,171,128,0.749,169,2,00:09:09.840
2024,00-3402,173,126,0.728,173,0,00:10:05.657
2022,00-3402,168,117,0.696,167,1,00:10:02.222
2023,00-3403,196,111,0.566,159,37,00:12:26.215
2022,00-3403,223,124,0.556,198,25,00:12:33.000
2024,00-3403,237,124,0.523,202,35,00:12:10.003
2022,00-3404,333,239,0.718,319,14,00:10:09.114
2023,00-3404,284,195,0.687,276,8,00:10:30.086
2024,00-3404,357,225,0.63,339,18,00:11:11.896
2022,00-3501,466,381,0.818,465,1,00:09:20.839
2023,00-3501,384,293,0.763,383,1,00:09:13.970
2024,00-3501,335,254,0.758,335,0,00:09:37.125
2022,00-3502,775,493,0.636,775,0,00:10:30.041
2023,00-3502,836,520,0.622,835,1,00:10:19.059
2024,00-3502,723,402,0.556,723,0,00:10:49.754
2022,00-3503,166,128,0.771,166,0,00:09:56.199
2023,00-3503,129,82,0.636,129,0,00:10:23.610
2024,00-3503,130,72,0.554,130,0,00:11:30.308
2022,00-3504,393,260,0.662,354,39,00:09:58.189
2024,00-3504,397,246,0.62,370,27,00:11:03.439
2023,00-3504,411,252,0.613,373,38,00:10:16.020
2023,00-3507,61,53,0.869,61,0,00:08:10.321
2022,00-3507,61,50,0.82,59,2,00:09:06.039
2024,00-3507,55,44,0.8,53,2,00:08:33.201
2022,00-3508,10,4,0.4,8,2,00:13:55.890
2024,00-3508,22,5,0.227,7,15,00:18:05.047
2023,00-3508,12,2,0.167,8,4,00:22:55.827
2023,00-3601,251,212,0.845,247,4,00:08:39.580
2022,00-3601,220,185,0.841,219,1,00:09:08.533
2024,00-3601,234,196,0.838,232,2,00:10:03.612
2022,00-3604,817,620,0.759,804,13,00:10:11.000
2024,00-3604,798,605,0.758,776,22,00:09:49.972
2023,00-3604,873,656,0.751,855,18,00:09:49.038
2022,00-3605,254,200,0.787,246,8,00:09:20.198
2023,00-3605,195,142,0.728,188,7,00:09:24.626
2024,00-3605,192,131,0.682,189,3,00:09:58.123
2022,00-3606,262,216,0.824,262,0,00:08:46.710
2023,00-3606,261,205,0.785,260,1,00:09:15.790
2024,00-3606,221,171,0.774,221,0,00:09:05.629
2022,00-3607,288,173,0.601,284,4,00:11:25.000
2023,00-3607,381,208,0.546,380,1,00:11:12.158
2024,00-3607,330,165,0.5,327,3,00:13:01.908
2024,00-3608,60,34,0.567,57,3,00:10:30.200
2023,00-3608,79,44,0.557,77,2,00:11:01.564
2022,00-3608,91,44,0.484,90,1,00:11:32.910
2022,00-3611,269,136,0.506,262,7,00:12:35.200
2024,00-3611,365,144,0.395,344,21,00:13:14.384
2023,00-3611,329,122,0.371,317,12,00:12:19.274
2023,00-3612,6,2,0.333,6,0,00:19:41.959
2024,00-3612,10,1,0.1,10,0,00:12:36.300
2023,00-3613,86,55,0.64,54,32,00:10:16.392
2024,00-3613,96,60,0.625,55,41,00:11:30.297
2022,00-3613,107,64,0.598,72,35,00:10:28.466
2022,00-3701,362,224,0.619,323,39,00:11:48.940
2023,00-3701,281,170,0.605,253,28,00:12:42.249
2024,00-3701,300,173,0.577,252,48,00:11:07.869
2023,00-3702,7,6,0.857,7,0,00:08:58.630
2022,00-3702,5,4,0.8,2,3,00:09:43.677
2024,00-3702,2,1,0.5,2,0,00:07:29.002
2023,00-3703,152,94,0.618,123,29,00:11:18.695
2022,00-3703,157,95,0.605,127,30,00:09:51.059
2024,00-3703,157,86,0.548,131,26,00:11:38.400
2024,00-3704,5,4,0.8,1,4,00:08:37.915
2023,00-3704,5,2,0.4,4,1,00:09:22.932
2022,00-3704,4,1,0.25,0,4,00:10:16.326
2024,00-3711,7,6,0.857,0,7,00:07:52.223
2023,00-3711,2,1,0.5,0,2,00:08:25.370
2022,00-3711,3,1,0.333,0,3,00:08:58.257
2023,00-3801,210,162,0.771,210,0,00:09:18.334
2022,00-3801,194,141,0.727,194,0,00:10:01.466
2024,00-3801,176,119,0.676,176,0,00:11:32.220
2022,00-3802,370,293,0.792,366,4,00:09:42.951
2024,00-3802,392,297,0.758,392,0,00:10:03.168
2023,00-3802,436,325,0.745,430,6,00:10:25.360
2023,00-3804,15,12,0.8,15,0,00:08:07.419
2022,00-3804,9,7,0.778,9,0,00:11:01.930
2024,00-3804,20,15,0.75,20,0,00:09:08.150
2023,00-3808,139,105,0.755,139,0,00:10:32.028
2024,00-3808,141,103,0.73,141,0,00:09:32.578
2022,00-3808,148,108,0.73,148,0,00:09:43.063
2022,00-3809,131,98,0.748,131,0,00:10:01.641
2023,00-3809,124,85,0.685,124,0,00:10:14.335
2024,00-3809,130,88,0.677,130,0,00:09:52.609
2023,00-3810,43,25,0.581,43,0,00:10:18.969
2024,00-3810,52,28,0.538,52,0,00:10:24.193
2022,00-3810,42,19,0.452,42,0,00:10:44.681
2022,00-3901,199,149,0.749,162,37,00:09:27.853
2024,00-3901,139,96,0.691,114,25,00:11:06.970
2023,00-3901,164,111,0.677,145,19,00:10:53.200
2022,00-3902,36,21,0.583,32,4,00:15:25.773
2024,00-3902,34,16,0.471,30,4,00:12:39.487
2023,00-3902,19,6,0.316,18,1,00:11:10.487
2022,00-3903,8,8,1,8,0,00:06:55.233
2023,00-3903,6,5,0.833,6,0,00:13:30.746
2024,00-3903,4,2,0.5,3,1,00:10:51.562
2024,00-3904,47,34,0.723,32,15,00:10:17.692
2022,00-3904,38,25,0.658,22,16,00:11:13.098
2023,00-3904,50,30,0.6,36,14,00:11:54.706
2022,00-3906,78,38,0.487,67,11,00:11:26.703
2024,00-3906,70,33,0.471,53,17,00:11:37.043
2023,00-3906,72,29,0.403,64,8,00:11:28.167
2023,00-3907,114,28,0.246,108,6,00:12:32.052
2022,00-3907,163,38,0.233,151,12,00:12:54.109
2024,00-3907,80,13,0.163,78,2,00:13:58.447
2024,00-3908,63,31,0.492,60,3,00:12:23.016
2022,00-3908,84,35,0.417,79,5,00:12:38.997
2023,00-3908,73,30,0.411,71,2,00:13:19.388
2022,00-3909,1,0,0,1,0,00:21:01.000
2023,00-3910,5,0,0,0,5,00:29:48.600
2024,00-3910,2,0,0,0,2,00:13:53.771
2022,00-3910,1,0,0,0,1,00:10:34.363
2023,00-3912,5,1,0.2,5,0,00:11:02.281
2022,00-3912,3,0,0,3,0,00:11:37.384
2024,00-3912,2,0,0,2,0,00:15:20.729
2022,00-4001,1407,1070,0.76,1400,7,00:09:30.037
2024,00-4001,1364,1012,0.742,1348,16,00:09:49.375
2023,00-4001,1190,879,0.739,1179,11,00:10:12.270
2024,00-4002,197,113,0.574,192,5,00:11:17.901
2023,00-4002,164,88,0.537,158,6,00:12:01.384
2022,00-4002,136,67,0.493,133,3,00:12:15.297
2023,00-4003,290,119,0.41,290,0,00:11:51.217
2022,00-4003,328,133,0.405,328,0,00:11:59.077
2024,00-4003,325,124,0.382,325,0,00:12:54.618
2022,00-4004,227,163,0.718,227,0,00:09:35.653
2023,00-4004,178,120,0.674,177,1,00:09:45.428
2024,00-4004,185,118,0.638,184,1,00:10:27.963
2022,00-4005,468,174,0.372,437,31,00:12:44.093
2023,00-4005,341,108,0.317,324,17,00:12:05.967
2024,00-4005,355,109,0.307,330,25,00:12:46.400
2023,00-4006,38,16,0.421,34,4,00:11:37.971
2024,00-4006,75,27,0.36,71,4,00:11:57.934
2022,00-4006,73,22,0.301,56,17,00:14:34.037
2024,00-4101,178,140,0.787,177,1,00:10:04.658
2022,00-4101,176,135,0.767,175,1,00:10:33.201
2023,00-4101,183,139,0.76,183,0,00:10:42.965
2023,00-4102,44,17,0.386,39,5,00:13:33.237
2022,00-4102,46,17,0.37,44,2,00:14:57.077
2024,00-4102,43,15,0.349,42,1,00:13:03.677
2022,00-4103,230,144,0.626,228,2,00:10:40.183
2024,00-4103,262,162,0.618,260,2,00:10:47.109
2023,00-4103,223,130,0.583,217,6,00:10:41.679
2022,00-4104,27,21,0.778,26,1,00:09:05.767
2024,00-4104,34,21,0.618,34,0,00:10:39.128
2023,00-4104,18,9,0.5,18,0,00:13:42.889
2022,00-4105,53,41,0.774,53,0,00:10:16.622
2024,00-4105,73,47,0.644,73,0,00:10:38.343
2023,00-4105,58,36,0.621,57,1,00:11:38.001
2024,00-4106,3,3,1,3,0,00:07:51.053
2023,00-4106,1,0,0,1,0,00:14:15.620
2022,00-4107,36,17,0.472,34,2,00:10:53.394
2024,00-4107,39,11,0.282,36,3,00:13:11.813
2023,00-4107,25,5,0.2,23,2,00:14:39.643
2022,00-4108,37,11,0.297,35,2,00:13:01.453
2023,00-4108,53,10,0.189,48,5,00:14:02.934
2024,00-4108,61,7,0.115,57,4,00:15:26.800
2022,00-4201,679,477,0.703,672,7,00:10:36.481
2023,00-4201,660,453,0.686,653,7,00:10:36.205
2024,00-4201,686,467,0.681,684,2,00:10:46.778
2022,00-4202,72,24,0.333,69,3,00:11:54.277
2024,00-4202,73,18,0.247,69,4,00:13:04.689
2023,00-4202,70,13,0.186,63,7,00:12:43.344
2022,00-4203,58,43,0.741,58,0,00:10:12.980
2024,00-4203,66,45,0.682,64,2,00:10:43.037
2023,00-4203,63,38,0.603,60,3,00:10:55.876
2022,00-4204,877,695,0.792,877,0,00:10:03.200
2023,00-4204,469,359,0.765,469,0,00:11:06.800
2024,00-4204,478,331,0.692,477,1,00:11:38.400
2022,00-4205,11,11,1,11,0,00:04:09.675
2024,00-4205,14,13,0.929,14,0,00:04:23.742
2023,00-4205,10,8,0.8,10,0,00:10:51.259
2024,00-4206,169,119,0.704,166,3,00:11:24.000
2022,00-4206,140,83,0.593,140,0,00:12:10.367
2023,00-4206,107,57,0.533,107,0,00:12:16.186
2023,00-4208,2,0,0,2,0,00:10:18.849
2022,00-4208,1,0,0,1,0,00:09:36.757
2024,00-4301,78,58,0.744,78,0,00:11:22.855
2023,00-4301,73,51,0.699,73,0,00:10:37.842
2022,00-4301,74,50,0.676,74,0,00:10:14.894
2022,00-4302,98,71,0.724,94,4,00:10:55.430
2023,00-4302,109,76,0.697,105,4,00:10:38.125
2024,00-4302,94,53,0.564,94,0,00:10:40.912
2024,00-4303,42,18,0.429,42,0,00:10:02.407
2022,00-4303,34,14,0.412,32,2,00:13:04.211
2023,00-4303,37,15,0.405,37,0,00:10:43.518
2024,00-4304,14,7,0.5,14,0,00:11:15.719
2022,00-4304,13,6,0.462,13,0,00:09:28.681
2023,00-4304,8,1,0.125,8,0,00:13:10.291
2023,00-4305,15,7,0.467,15,0,00:10:09.595
2022,00-4305,21,9,0.429,21,0,00:10:09.433
2024,00-4305,13,4,0.308,13,0,00:12:11.233
2023,00-4306,18,12,0.667,18,0,00:10:21.147
2024,00-4306,15,10,0.667,13,2,00:08:50.563
2022,00-4306,14,6,0.429,14,0,00:11:45.211
2024,00-4310,3,0,0,3,0,00:17:34.177
2024,00-4401,404,355,0.879,404,0,00:08:16.759
2022,00-4401,307,265,0.863,306,1,00:08:22.115
2023,00-4401,343,294,0.857,343,0,00:08:37.666
2024,00-4402,24,22,0.917,24,0,00:07:33.649
2023,00-4402,25,21,0.84,25,0,00:08:18.129
2022,00-4402,42,34,0.81,42,0,00:09:27.855
2022,00-4403,223,173,0.776,223,0,00:09:49.086
2024,00-4403,174,122,0.701,174,0,00:11:55.376
2023,00-4403,200,132,0.66,200,0,00:11:04.967
2024,00-4404,7,4,0.571,7,0,00:08:56.804
2022,00-4404,11,6,0.545,11,0,00:11:57.000
2023,00-4404,6,3,0.5,6,0,00:09:00.287
2024,00-4405,6,6,1,6,0,00:07:24.398
2023,00-4405,10,7,0.7,10,0,00:08:33.482
2022,00-4405,7,4,0.571,7,0,00:09:53.465
2024,00-4501,45,41,0.911,44,1,00:07:52.632
2023,00-4501,41,33,0.805,38,3,00:08:42.302
2022,00-4501,62,49,0.79,60,2,00:14:31.488
2022,00-4502,234,193,0.825,231,3,00:09:17.571
2024,00-4502,239,187,0.782,237,2,00:09:46.207
2023,00-4502,169,130,0.769,163,6,00:10:58.960
2024,00-4503,74,63,0.851,71,3,00:08:49.000
2022,00-4503,84,71,0.845,79,5,00:09:14.921
2023,00-4503,58,49,0.845,56,2,00:11:03.726
2022,00-4504,114,60,0.526,97,17,00:12:44.295
2023,00-4504,87,41,0.471,77,10,00:12:20.123
2024,00-4504,93,33,0.355,75,18,00:13:06.649
2022,00-4505,53,31,0.585,46,7,00:11:52.763
2024,00-4505,50,29,0.58,45,5,00:11:49.708
2023,00-4505,38,19,0.5,36,2,00:10:03.315
2023,00-4506,24,9,0.375,24,0,00:10:41.683
2024,00-4506,21,4,0.19,19,2,00:12:06.355
2022,00-4506,33,5,0.152,30,3,00:13:23.587
2023,00-4507,21,14,0.667,20,1,00:10:26.046
2024,00-4507,13,8,0.615,13,0,00:09:40.451
2022,00-4507,14,7,0.5,14,0,00:09:35.610
2022,00-4508,23,17,0.739,23,0,00:09:22.260
2023,00-4508,21,10,0.476,21,0,00:17:28.000
2024,00-4508,9,4,0.444,9,0,00:13:43.310
2023,00-4607,49,44,0.898,47,2,00:08:46.786
2022,00-4607,55,48,0.873,53,2,00:08:20.611
2024,00-4607,48,41,0.854,46,2,00:08:23.810
2024,00-4608,139,99,0.712,45,94,00:10:28.927
2023,00-4608,157,103,0.656,62,95,00:09:48.384
2022,00-4608,216,136,0.63,79,137,00:10:11.628
2023,00-4609,120,107,0.892,103,17,00:08:01.516
2024,00-4609,92,81,0.88,74,18,00:08:14.919
2022,00-4609,136,111,0.816,118,18,00:08:55.995
2022,00-4610,38,31,0.816,32,6,00:09:19.891
2023,00-4610,32,25,0.781,30,2,00:09:51.096
2024,00-4610,32,25,0.781,26,6,00:09:27.157
2023,00-4703,13,5,0.385,13,0,00:14:12.326
2024,00-4703,10,3,0.3,10,0,00:13:46.742
2022,00-4703,17,3,0.176,17,0,00:19:03.985
2024,00-4705,3,1,0.333,3,0,00:10:28.306
2023,00-4803,8,5,0.625,8,0,00:10:01.700
2022,00-4803,4,2,0.5,4,0,00:08:11.643
2023,00-4901,359,292,0.813,306,53,00:09:39.209
2024,00-4901,428,344,0.804,369,59,00:09:28.516
2022,00-4901,416,326,0.784,353,63,00:10:07.004
2022,00-4902,134,78,0.582,129,5,00:12:06.188
2024,00-4902,110,64,0.582,106,4,00:10:30.296
2023,00-4902,111,61,0.55,104,7,00:11:10.066
2022,00-4903,75,33,0.44,73,2,00:12:44.232
2024,00-4903,60,23,0.383,54,6,00:10:36.603
2023,00-4903,65,24,0.369,59,6,00:10:43.350
2024,00-4904,180,96,0.533,150,30,00:12:01.851
2022,00-4904,190,99,0.521,146,44,00:12:05.427
2023,00-4904,194,100,0.515,153,41,00:12:54.905
2022,00-4905,1,0,0,0,1,00:11:15.040
2023,00-4905,1,0,0,1,0,00:09:12.330
2022,00-4906,111,3,0.027,26,85,00:15:17.631
2023,00-4906,65,1,0.015,28,37,00:14:09.908
2023,00-4907,134,52,0.388,105,29,00:14:11.247
2022,00-4907,99,35,0.354,70,29,00:13:25.800
2024,00-4907,146,38,0.26,94,52,00:14:40.256
2022,00-4908,15,11,0.733,13,2,00:08:52.591
2023,00-4908,64,38,0.594,51,13,00:10:25.267
2024,00-4908,75,43,0.573,56,19,00:11:14.393
2022,00-5001,24,21,0.875,20,4,00:07:53.580
2023,00-5001,28,24,0.857,21,7,00:08:11.123
2024,00-5001,41,33,0.805,30,11,00:08:36.146
2023,00-5002,199,80,0.402,55,144,00:11:36.734
2024,00-5002,198,73,0.369,59,139,00:11:37.401
2022,00-5002,214,62,0.29,179,35,00:12:10.977
2023,00-5003,83,63,0.759,34,49,00:09:24.438
2024,00-5003,83,62,0.747,35,48,00:09:22.654
2022,00-5003,71,35,0.493,61,10,00:10:47.247
2024,00-5004,2,2,1,1,1,00:04:33.990
2022,00-5004,1,1,1,1,0,00:03:54.800
2023,00-5004,1,1,1,0,1,00:03:04.627
2024,00-5005,33,25,0.758,6,27,00:15:19.411
2023,00-5005,29,13,0.448,11,18,00:13:58.503
2022,00-5005,28,8,0.286,18,10,00:14:56.400
2023,00-5101,166,134,0.807,165,1,00:09:08.980
2022,00-5101,143,112,0.783,142,1,00:10:16.275
2024,00-5101,154,118,0.766,153,1,00:09:35.557
2024,00-5102,193,83,0.43,185,8,00:10:43.107
2023,00-5102,194,79,0.407,186,8,00:11:26.583
2022,00-5102,191,76,0.398,178,13,00:10:58.904
2024,00-5103,41,33,0.805,40,1,00:09:36.943
2022,00-5103,44,29,0.659,44,0,00:11:13.500
2023,00-5103,55,31,0.564,54,1,00:10:15.080
2022,00-5104,3,2,0.667,3,0,00:08:11.402
2024,00-5104,11,6,0.545,10,1,00:21:07.000
2023,00-5104,6,2,0.333,5,1,00:11:36.403
2024,00-5105,87,59,0.678,73,14,00:10:40.145
2022,00-5105,73,45,0.616,59,14,00:12:14.905
2023,00-5105,86,42,0.488,54,32,00:11:18.280
2022,00-5106,480,301,0.627,480,0,00:10:01.224
2023,00-5106,446,266,0.596,442,4,00:09:43.506
2024,00-5106,482,267,0.554,479,3,00:10:23.667
2024,00-5201,69,59,0.855,69,0,00:08:41.552
2023,00-5201,67,49,0.731,67,0,00:10:40.113
2024,00-5202,40,31,0.775,39,1,00:09:06.746
2023,00-5202,31,20,0.645,26,5,00:09:34.807
2024,00-5203,5,1,0.2,5,0,00:20:27.107
2023,00-5203,1,0,0,1,0,00:12:44.923
2023,00-5206,1,0,0,0,1,00:09:01.000
2023,00-5301,2,2,1,2,0,00:07:50.844
2024,00-5301,44,30,0.682,42,2,00:13:55.988
2024,00-5302,175,119,0.68,137,38,00:10:24.581
2023,00-5302,18,6,0.333,17,1,00:12:37.716
2024,00-5303,79,21,0.266,61,18,00:12:18.707
2023,00-5303,5,0,0,1,4,00:12:11.767
2024,00-5401,15,5,0.333,12,3,00:12:36.447
2024,00-5402,23,5,0.217,23,0,00:22:35.000
2024,00-5403,15,5,0.333,14,1,00:09:41.642
2022,04-2303,12,10,0.833,12,0,00:08:36.850
2024,04-2303,17,11,0.647,17,0,00:11:50.832
2023,04-2303,17,11,0.647,17,0,00:11:12.006
2024,04-2304,33,26,0.788,33,0,00:09:48.817
2022,04-2304,33,23,0.697,33,0,00:11:04.695
2023,04-2304,34,17,0.5,34,0,00:10:54.853
2022,04-2305,2,2,1,2,0,00:07:16.839
2023,04-2305,3,2,0.667,3,0,00:08:15.242
2022,04-2307,6,6,1,6,0,00:06:59.675
2023,04-2307,11,6,0.545,9,2,00:11:24.312
2024,04-2307,9,3,0.333,7,2,00:11:32.174
2023,04-2601,3,3,1,3,0,00:04:49.913
2024,04-2601,2,2,1,2,0,00:03:30.200
2022,04-2601,4,3,0.75,4,0,00:07:59.622
2024,04-2604,605,431,0.712,604,1,00:10:23.544
2023,04-2604,595,410,0.689,595,0,00:10:38.535
2022,04-2604,469,317,0.676,468,1,00:10:06.707
2022,04-2605,27,11,0.407,27,0,00:12:41.808
2023,04-2605,50,15,0.3,49,1,00:14:07.637
2024,04-2605,76,19,0.25,75,1,00:12:52.740
2024,04-2606,49,35,0.714,49,0,00:11:08.944
2022,04-2606,52,32,0.615,52,0,00:12:03.824
2023,04-2606,44,27,0.614,44,0,00:11:39.266
2024,04-2607,4,3,0.75,4,0,00:08:05.316
2022,04-2607,4,3,0.75,4,0,00:07:42.923
2023,04-2608,75,57,0.76,75,0,00:10:56.803
2022,04-2608,49,37,0.755,49,0,00:09:48.352
2024,04-2608,82,60,0.732,82,0,00:09:41.900
2023,04-2609,34,27,0.794,34,0,00:09:46.485
2022,04-2609,51,35,0.686,51,0,00:10:57.362
2024,04-2609,40,26,0.65,40,0,00:10:27.407
2022,04-2610,113,55,0.487,113,0,00:13:21.900
2024,04-2610,108,37,0.343,107,1,00:12:42.306
2023,04-2610,104,17,0.163,102,2,00:23:43.200
2024,04-2801,9,8,0.889,9,0,00:07:36.867
2022,04-2801,13,10,0.769,13,0,00:09:08.568
2023,04-2801,15,11,0.733,13,2,00:09:30.598
2022,04-2806,17,7,0.412,17,0,00:12:09.115
2023,04-2806,12,3,0.25,12,0,00:10:41.044
2024,04-2806,11,2,0.182,11,0,00:10:31.873
2023,04-2808,15,12,0.8,11,4,00:11:15.074
2022,04-2808,23,15,0.652,18,5,00:10:06.110
2024,04-2808,13,8,0.615,13,0,00:13:55.157
2022,04-3107,29,11,0.379,29,0,00:11:40.157
2024,04-3107,16,5,0.313,16,0,00:11:30.316
2023,04-3107,32,5,0.156,32,0,00:15:13.390
2022,04-3109,7,6,0.857,7,0,00:09:06.097
2023,04-3109,4,2,0.5,4,0,00:11:18.458
2024,04-3109,3,0,0,3,0,00:09:46.490
2023,04-3305,18,9,0.5,18,0,00:13:22.348
2024,04-3305,16,8,0.5,16,0,00:08:38.567
2022,04-3305,8,4,0.5,8,0,00:09:45.476
2024,04-3803,1,1,1,1,0,00:06:31.000
2023,04-3803,3,2,0.667,3,0,00:10:53.296
2022,04-3803,2,1,0.5,2,0,00:08:54.600
2023,04-3811,1,1,1,1,0,00:06:51.027
2024,04-3811,1,1,1,1,0,00:06:23.983
2024,04-3907,8,4,0.5,8,0,00:17:18.379
2022,04-3907,9,4,0.444,9,0,00:13:45.291
2023,04-3907,3,0,0,2,1,00:18:08.600
2022,04-4103,83,39,0.47,83,0,00:11:16.072
2024,04-4103,102,42,0.412,102,0,00:10:28.585
2023,04-4103,73,21,0.288,73,0,00:12:25.382
2024,04-4406,24,19,0.792,24,0,00:09:33.215
2022,04-4406,21,16,0.762,21,0,00:09:31.933
2023,04-4406,31,21,0.677,31,0,00:09:59.115
2023,04-4408,47,32,0.681,47,0,00:09:43.533
2022,04-4408,58,36,0.621,58,0,00:10:34.052
2024,04-4408,55,34,0.618,55,0,00:09:59.368
2022,04-4409,32,21,0.656,32,0,00:09:59.490
2023,04-4409,26,14,0.538,26,0,00:10:40.720
2024,04-4409,30,15,0.5,30,0,00:10:26.600
2022,04-4410,10,6,0.6,10,0,00:10:47.110
2024,04-4410,18,7,0.389,18,0,00:10:45.689
2023,04-4410,12,3,0.25,12,0,00:13:31.700
2022,04-4701,35,29,0.829,35,0,00:09:35.464
2023,04-4701,34,25,0.735,34,0,00:12:37.791
2024,04-4701,38,14,0.368,37,1,00:12:28.332
2023,04-4702,12,3,0.25,12,0,00:17:30.365
2022,04-4702,13,3,0.231,13,0,00:13:46.378
2024,04-4702,18,2,0.111,18,0,00:15:15.511
2023,04-4801,565,477,0.844,560,5,00:09:55.777
2022,04-4801,577,477,0.827,573,4,00:10:04.761
2024,04-4801,558,457,0.819,549,9,00:10:23.984
2022,04-4802,223,71,0.318,221,2,00:15:43.000
2023,04-4802,292,67,0.229,282,10,00:14:00.000
2024,04-4802,277,55,0.199,270,7,00:15:19.446
2023,04-4803,2,1,0.5,2,0,00:09:17.439
2024,04-4803,12,5,0.417,12,0,00:13:38.000
2024,04-5404,4,3,0.75,4,0,00:09:39.035
2024,05-4601,13,11,0.846,11,2,00:08:52.587
2022,05-4601,18,14,0.778,17,1,00:09:31.351
2023,05-4601,15,10,0.667,14,1,00:09:38.443
2023,05-4602,63,49,0.778,62,1,00:08:41.266
2024,05-4602,51,39,0.765,50,1,00:09:15.000
2022,05-4602,61,46,0.754,58,3,00:09:53.694
2024,05-4603,10,7,0.7,10,0,00:08:18.999
2023,05-4603,16,10,0.625,16,0,00:08:51.596
2022,05-4603,31,19,0.613,30,1,00:10:55.850
2022,05-4604,5,4,0.8,5,0,00:09:08.672
2023,05-4604,7,5,0.714,7,0,00:08:45.060
2024,05-4604,3,2,0.667,3,0,00:07:50.687
2022,05-4605,24,23,0.958,24,0,00:07:45.587
2023,05-4605,30,26,0.867,29,1,00:08:08.306
2024,05-4605,11,9,0.818,10,1,00:08:32.010
2022,05-4606,65,58,0.892,65,0,00:08:00.644
2024,05-4606,31,25,0.806,31,0,00:08:47.347
2023,05-4606,56,37,0.661,56,0,00:09:55.160
2022,05-4610,1,1,1,1,0,00:04:16.357
2023,CC-1103,1,0,0,0,1,00:23:58.000
2023,NA,17,17,1,17,0,00:00:00.000
2022,NA,12,12,1,12,0,00:00:00.000
2024,NA,8,8,1,8,0,00:00:00.000
2022,SV-5107,36,22,0.611,36,0,00:09:53.670
2023,SV-5107,33,19,0.576,33,0,00:14:17.547
2024,SV-5107,37,21,0.568,37,0,00:13:06.809
2022,SV-5108,18,12,0.667,18,0,00:09:09.971
2023,SV-5108,16,10,0.625,16,0,00:09:02.380
2024,SV-5108,26,10,0.385,26,0,00:10:28.627
2024,SV-5109,85,58,0.682,85,0,00:09:43.037
2022,SV-5109,59,40,0.678,59,0,00:09:47.000
2023,SV-5109,68,43,0.632,67,1,00:11:44.482
2024,SV-5111,2,1,0.5,2,0,00:18:42.015
